Model,Correlation,Std_Model,Std_Ref,TSS,Rank
MPI-ESM-1-2-HAM,0.8977305371832545,3.890500617102406,3.708595092346398,0.6706237898954073,1
AWI-ESM-1-1-LR,0.8806595127601672,3.3049189233894563,3.708595092346398,0.6649262037698164,2
NESM3,0.9089621124672025,2.4797411183766394,3.708595092346398,0.6597506695103553,3
EC-Earth3-CC,0.8849486519264292,2.2897624585205416,3.708595092346398,0.6202387452863045,4
BCC-ESM1,0.8579503870442446,2.4725135729538574,3.708595092346398,0.6123799910370056,5
KIOST-ESM,0.9145843125633653,1.9623572439171852,3.708595092346398,0.6049653971599958,6
IITM-ESM,0.8284469835104337,3.3515600692112124,3.708595092346398,0.600410973618902,7
IPSL-CM6A-LR,0.8859509727925241,1.916475615489385,3.708595092346398,0.5808410415301277,8
CMCC-CM2-HR4,0.7765442251057659,2.7980393744223186,3.708595092346398,0.5542051190509099,9
SAM0-UNICON,0.7404432963055363,2.983014065035064,3.708595092346398,0.5225966145800155,10
GFDL-ESM4,0.7522311453987409,2.0923185351359033,3.708595092346398,0.5154841608157317,11
KACE-1-0-G,0.7236756201272113,3.003541625526228,3.708595092346398,0.5082043426841352,12
ACCESS-CM2,0.6851829582938139,3.6111474947056244,3.708595092346398,0.4460233938318967,13
FGOALS-f3-L,0.6681910661234681,1.458215688089459,3.708595092346398,0.43913398913004364,14
CESM2-WACCM,0.6021182986292282,3.174383495177299,3.708595092346398,0.4075957187674719,15
INM-CM4-8,0.5936095099853862,4.234519221498417,3.708595092346398,0.31146751397760397,16
ACCESS-ESM1-5,0.5049249435939658,3.695909077311292,3.708595092346398,0.29758459541431825,17
MIROC6,0.6833155262241402,5.225683532699914,3.708595092346398,0.27205607686845046,18
GISS-E2-1-G,0.6325613454286746,5.0170679260893065,3.708595092346398,0.25212262836865507,19
TaiESM1,0.615208248820027,5.385629348130815,3.708595092346398,0.18695713141488146,20
